{
  "seed": 0,
  "frozen_component": "layer1.mlp",
  "converged": true,
  "converge_step": 1000,
  "final_accuracy": 0.994328922495274,
  "best_accuracy": 0.998109640831758,
  "total_steps": 2000,
  "total_time_seconds": 13.795315265655518,
  "p": 23
}