{"steps": [200, 400, 600, 800, 1000, 1200, 1400, 1600, 1800, 2000], "losses": [1.4131768941879272, 0.24105697870254517, 0.13464900851249695, 0.0203035119920969, 0.02037741243839264, 0.018810685724020004, 0.024328116327524185, 0.005703671835362911, 0.10739767551422119, 0.009412218816578388], "accuracies": [{"step": 500, "accuracy": 0.9867674858223062}, {"step": 1000, "accuracy": 0.998109640831758}, {"step": 1500, "accuracy": 0.998109640831758}, {"step": 2000, "accuracy": 0.994328922495274}]}