{"steps": [500, 1000, 1500, 2000, 2500, 3000, 3500, 4000], "losses": [1.6080378293991089, 1.1360381841659546, 0.18287819623947144, 0.01326094102114439, 0.0018117731669917703, 0.011422802694141865, 0.0012780603719875216, 0.00812456849962473], "accuracies": [{"step": 1000, "accuracy": 0.0028}, {"step": 2000, "accuracy": 0.99}, {"step": 3000, "accuracy": 0.995}, {"step": 4000, "accuracy": 0.8718}], "carry_losses": [0.0, 0.0, 0.0, 0.0, 0.0, 0.0, 0.0, 0.0]}