{"steps": [200, 400, 600, 800, 1000, 1200, 1400], "losses": [2.1804897785186768, 0.20737531781196594, 0.019469304010272026, 0.005312653724104166, 0.0012253655586391687, 0.0007380302413366735, 0.0005030599422752857], "accuracies": [{"step": 500, "accuracy": 1.0}, {"step": 1000, "accuracy": 1.0}, {"step": 1500, "accuracy": 1.0}]}