{"steps": [200, 400, 600, 800, 1000, 1200, 1400, 1600, 1800, 2000], "losses": [2.447885513305664, 0.44624438881874084, 0.06805545836687088, 0.06426507234573364, 0.013191623613238335, 0.03273818641901016, 0.08210600912570953, 0.02047095075249672, 0.03977356478571892, 0.0026909993030130863], "accuracies": [{"step": 500, "accuracy": 0.9754253308128544}, {"step": 1000, "accuracy": 0.998109640831758}, {"step": 1500, "accuracy": 0.998109640831758}, {"step": 2000, "accuracy": 0.996219281663516}]}