{"steps": [200, 400, 600, 800, 1000, 1200, 1400], "losses": [1.4080430269241333, 0.1890176683664322, 0.14193065464496613, 0.0045175268314778805, 0.0015320980455726385, 0.0008577503613196313, 0.0005698886816389859], "accuracies": [{"step": 500, "accuracy": 1.0}, {"step": 1000, "accuracy": 1.0}, {"step": 1500, "accuracy": 1.0}]}