{"steps": [200, 400, 600, 800, 1000, 1200, 1400, 1600, 1800, 2000], "losses": [1.4732517004013062, 0.6508887410163879, 0.2192377746105194, 0.12385053932666779, 0.10057121515274048, 0.22362615168094635, 0.13253706693649292, 0.0441446416079998, 0.03995601460337639, 0.11104004085063934], "accuracies": [{"step": 500, "accuracy": 0.833648393194707}, {"step": 1000, "accuracy": 0.9924385633270322}, {"step": 1500, "accuracy": 0.9848771266540642}, {"step": 2000, "accuracy": 0.9886578449905482}]}