{"steps": [200, 400, 600, 800, 1000, 1200, 1400, 1600, 1800, 2000], "losses": [1.1819212436676025, 0.2627377212047577, 0.20636381208896637, 0.07330022007226944, 0.060246750712394714, 0.02099498361349106, 0.009875008836388588, 0.027395177632570267, 0.03217135742306709, 0.008148610591888428], "accuracies": [{"step": 500, "accuracy": 0.9886578449905482}, {"step": 1000, "accuracy": 0.998109640831758}, {"step": 1500, "accuracy": 0.9886578449905482}, {"step": 2000, "accuracy": 0.994328922495274}]}