{
  "site": "layer1_result_0",
  "shared_eigenvalues": [
    0.8996478985755878,
    0.8394031342338042,
    0.7822550285610962,
    0.6985200011177519,
    0.6689776599721359,
    0.6278895210410753,
    0.6157988118649728,
    0.5831247062435226,
    0.5270261231485827,
    0.4926952626028549
  ],
  "pca_cosines": [
    0.3279152238776921,
    0.3631322211646083,
    0.20376273304182607,
    0.059863248554266946,
    0.5417064150140549,
    0.2522065554320522,
    0.3128574088024837,
    0.9603962705880774,
    0.534206670096153,
    0.12318009854395179
  ],
  "dim_scores_top10": [
    [
      41,
      8.339905738830566
    ],
    [
      1,
      8.296834945678711
    ],
    [
      48,
      8.266944885253906
    ],
    [
      51,
      8.109747886657715
    ],
    [
      56,
      7.367310047149658
    ],
    [
      43,
      7.019083499908447
    ],
    [
      34,
      6.189280986785889
    ],
    [
      35,
      6.153627872467041
    ],
    [
      16,
      6.151088714599609
    ],
    [
      42,
      6.027498245239258
    ]
  ],
  "natural_validation": {
    "total_variance_natural": 19292.025390625,
    "explained_ratios": [
      {
        "k": 1,
        "ratio": 0.041963143570625104
      },
      {
        "k": 3,
        "ratio": 0.12844945173954536
      },
      {
        "k": 5,
        "ratio": 0.21806969669414517
      },
      {
        "k": 10,
        "ratio": 0.45771999657394385
      }
    ]
  },
  "reference_invariance": {
    "reference2": "baseline_seed1",
    "shared_eigenvalues_ref2": [
      0.8975061721567299,
      0.8414235560601945,
      0.7861203837389582,
      0.6948909279274751,
      0.6588172215748717,
      0.6415214378626543,
      0.5986207642680547,
      0.5802123839637977,
      0.5262670385771391,
      0.5026663548528951
    ],
    "pca_cosines_ref2": [
      0.32692920182267143,
      0.3661801775800341,
      0.23267895316123238,
      0.5769485810216017,
      0.21757364191759548,
      0.17775182892493255,
      1.1185918287058538,
      1.224726201917125,
      0.7553171138849614,
      0.13048747788603626
    ]
  }
}