{
  "layer0_operand_a_last": {
    "layer": 0,
    "position": "operand_a_last",
    "position_idx": 4,
    "cka_mean": 0.32063723673996725,
    "cka_ci_lower": 0.2950447604760075,
    "cka_ci_upper": 0.3468595953941341,
    "cka_no_top_pc_mean": 0.1995445098942023,
    "cka_no_top_pc_ci_lower": 0.18020054597815627,
    "cka_no_top_pc_ci_upper": 0.2189580387334157,
    "n_pairs": 528
  },
  "layer0_plus": {
    "layer": 0,
    "position": "plus",
    "position_idx": 5,
    "cka_mean": 0.22425177509237537,
    "cka_ci_lower": 0.2094806871367482,
    "cka_ci_upper": 0.24016652116494538,
    "cka_no_top_pc_mean": 0.12549166296340789,
    "cka_no_top_pc_ci_lower": 0.11554121147151596,
    "cka_no_top_pc_ci_upper": 0.13585726493898775,
    "n_pairs": 528
  },
  "layer0_operand_b_last": {
    "layer": 0,
    "position": "operand_b_last",
    "position_idx": 10,
    "cka_mean": 0.2931506561132937,
    "cka_ci_lower": 0.2658388210125153,
    "cka_ci_upper": 0.31968929261787654,
    "cka_no_top_pc_mean": 0.204253564534516,
    "cka_no_top_pc_ci_lower": 0.1826935126828185,
    "cka_no_top_pc_ci_upper": 0.2257037479666949,
    "n_pairs": 528
  },
  "layer0_equals": {
    "layer": 0,
    "position": "equals",
    "position_idx": 11,
    "cka_mean": 0.611702319092953,
    "cka_ci_lower": 0.5880104494276005,
    "cka_ci_upper": 0.6351155317435873,
    "cka_no_top_pc_mean": 0.33067136627950117,
    "cka_no_top_pc_ci_lower": 0.3103370460260435,
    "cka_no_top_pc_ci_upper": 0.3528145846218627,
    "n_pairs": 528
  },
  "layer0_result_0": {
    "layer": 0,
    "position": "result_0",
    "position_idx": 12,
    "cka_mean": 0.6615341125439711,
    "cka_ci_lower": 0.6410256979098578,
    "cka_ci_upper": 0.680241898735054,
    "cka_no_top_pc_mean": 0.4441723586519545,
    "cka_no_top_pc_ci_lower": 0.41826165259681086,
    "cka_no_top_pc_ci_upper": 0.4671143819520665,
    "n_pairs": 528
  },
  "layer0_result_1": {
    "layer": 0,
    "position": "result_1",
    "position_idx": 13,
    "cka_mean": 0.49365502846468634,
    "cka_ci_lower": 0.46558906689699064,
    "cka_ci_upper": 0.5232402313589751,
    "cka_no_top_pc_mean": 0.34990494168300273,
    "cka_no_top_pc_ci_lower": 0.3263198322538903,
    "cka_no_top_pc_ci_upper": 0.37423853370411364,
    "n_pairs": 528
  },
  "layer0_result_2": {
    "layer": 0,
    "position": "result_2",
    "position_idx": 14,
    "cka_mean": 0.5346865804015509,
    "cka_ci_lower": 0.5083358222744082,
    "cka_ci_upper": 0.5598166589750904,
    "cka_no_top_pc_mean": 0.3878430576559663,
    "cka_no_top_pc_ci_lower": 0.3655954888876184,
    "cka_no_top_pc_ci_upper": 0.40867607236912534,
    "n_pairs": 528
  },
  "layer0_result_3": {
    "layer": 0,
    "position": "result_3",
    "position_idx": 15,
    "cka_mean": 0.5199090382030965,
    "cka_ci_lower": 0.4912432924058283,
    "cka_ci_upper": 0.5470169565634133,
    "cka_no_top_pc_mean": 0.3739068833930774,
    "cka_no_top_pc_ci_lower": 0.3500034318169774,
    "cka_no_top_pc_ci_upper": 0.39727699206812594,
    "n_pairs": 528
  },
  "layer0_result_4": {
    "layer": 0,
    "position": "result_4",
    "position_idx": 16,
    "cka_mean": 0.5938344185252239,
    "cka_ci_lower": 0.566568485686431,
    "cka_ci_upper": 0.6212591436279253,
    "cka_no_top_pc_mean": 0.39844207123049014,
    "cka_no_top_pc_ci_lower": 0.37309090868956324,
    "cka_no_top_pc_ci_upper": 0.4252724400097975,
    "n_pairs": 528
  },
  "layer0_result_5": {
    "layer": 0,
    "position": "result_5",
    "position_idx": 17,
    "cka_mean": 0.3736550486157159,
    "cka_ci_lower": 0.35554686511194744,
    "cka_ci_upper": 0.3912744595796142,
    "cka_no_top_pc_mean": 0.19038213598320508,
    "cka_no_top_pc_ci_lower": 0.1760927242071747,
    "cka_no_top_pc_ci_upper": 0.2049965766762162,
    "n_pairs": 528
  },
  "layer1_operand_a_last": {
    "layer": 1,
    "position": "operand_a_last",
    "position_idx": 4,
    "cka_mean": 0.23573860185266457,
    "cka_ci_lower": 0.21264572077368837,
    "cka_ci_upper": 0.25971930942561045,
    "cka_no_top_pc_mean": 0.17396126320704441,
    "cka_no_top_pc_ci_lower": 0.158061943888033,
    "cka_no_top_pc_ci_upper": 0.19218504085645827,
    "n_pairs": 528
  },
  "layer1_plus": {
    "layer": 1,
    "position": "plus",
    "position_idx": 5,
    "cka_mean": 0.14027731338606422,
    "cka_ci_lower": 0.1279900384283634,
    "cka_ci_upper": 0.15467540291563764,
    "cka_no_top_pc_mean": 0.10829111980221336,
    "cka_no_top_pc_ci_lower": 0.09818820394391191,
    "cka_no_top_pc_ci_upper": 0.11828855231927492,
    "n_pairs": 528
  },
  "layer1_operand_b_last": {
    "layer": 1,
    "position": "operand_b_last",
    "position_idx": 10,
    "cka_mean": 0.23884200793751761,
    "cka_ci_lower": 0.2132369027781868,
    "cka_ci_upper": 0.26548365876590174,
    "cka_no_top_pc_mean": 0.1855715450696054,
    "cka_no_top_pc_ci_lower": 0.165633717892849,
    "cka_no_top_pc_ci_upper": 0.20646166366071125,
    "n_pairs": 528
  },
  "layer1_equals": {
    "layer": 1,
    "position": "equals",
    "position_idx": 11,
    "cka_mean": 0.6690121943466686,
    "cka_ci_lower": 0.6481081284265849,
    "cka_ci_upper": 0.6886151053776498,
    "cka_no_top_pc_mean": 0.3707525496419542,
    "cka_no_top_pc_ci_lower": 0.3548801934729796,
    "cka_no_top_pc_ci_upper": 0.3882558421819444,
    "n_pairs": 528
  },
  "layer1_result_0": {
    "layer": 1,
    "position": "result_0",
    "position_idx": 12,
    "cka_mean": 0.7960970373026387,
    "cka_ci_lower": 0.789066864428737,
    "cka_ci_upper": 0.8035676325824445,
    "cka_no_top_pc_mean": 0.483375444336037,
    "cka_no_top_pc_ci_lower": 0.4637790707690138,
    "cka_no_top_pc_ci_upper": 0.5022960513530476,
    "n_pairs": 528
  },
  "layer1_result_1": {
    "layer": 1,
    "position": "result_1",
    "position_idx": 13,
    "cka_mean": 0.6485026239520345,
    "cka_ci_lower": 0.6241031374557097,
    "cka_ci_upper": 0.6754131592600309,
    "cka_no_top_pc_mean": 0.3866200304843932,
    "cka_no_top_pc_ci_lower": 0.36489056687695265,
    "cka_no_top_pc_ci_upper": 0.4101569977983055,
    "n_pairs": 528
  },
  "layer1_result_2": {
    "layer": 1,
    "position": "result_2",
    "position_idx": 14,
    "cka_mean": 0.6410367219871658,
    "cka_ci_lower": 0.6166032046379476,
    "cka_ci_upper": 0.6641552072358822,
    "cka_no_top_pc_mean": 0.3809360914047768,
    "cka_no_top_pc_ci_lower": 0.360261939968845,
    "cka_no_top_pc_ci_upper": 0.40382986412717836,
    "n_pairs": 528
  },
  "layer1_result_3": {
    "layer": 1,
    "position": "result_3",
    "position_idx": 15,
    "cka_mean": 0.6889903155860777,
    "cka_ci_lower": 0.6679002101570364,
    "cka_ci_upper": 0.7098403862367422,
    "cka_no_top_pc_mean": 0.4004547983825318,
    "cka_no_top_pc_ci_lower": 0.3779326064660286,
    "cka_no_top_pc_ci_upper": 0.4236997458084221,
    "n_pairs": 528
  },
  "layer1_result_4": {
    "layer": 1,
    "position": "result_4",
    "position_idx": 16,
    "cka_mean": 0.7588129560254396,
    "cka_ci_lower": 0.7405653557870859,
    "cka_ci_upper": 0.776374846844729,
    "cka_no_top_pc_mean": 0.4539476166941005,
    "cka_no_top_pc_ci_lower": 0.43082650974051406,
    "cka_no_top_pc_ci_upper": 0.47747398725633855,
    "n_pairs": 528
  },
  "layer1_result_5": {
    "layer": 1,
    "position": "result_5",
    "position_idx": 17,
    "cka_mean": 0.3295591351727548,
    "cka_ci_lower": 0.31117964816366284,
    "cka_ci_upper": 0.3481619567864977,
    "cka_no_top_pc_mean": 0.20101174306860004,
    "cka_no_top_pc_ci_lower": 0.18676860872229462,
    "cka_no_top_pc_ci_upper": 0.21548915236744862,
    "n_pairs": 528
  },
  "layer2_operand_a_last": {
    "layer": 2,
    "position": "operand_a_last",
    "position_idx": 4,
    "cka_mean": 0.1795972616168288,
    "cka_ci_lower": 0.15978885950485577,
    "cka_ci_upper": 0.20192845473566456,
    "cka_no_top_pc_mean": 0.1406789063745965,
    "cka_no_top_pc_ci_lower": 0.12556401562126296,
    "cka_no_top_pc_ci_upper": 0.15683563251056204,
    "n_pairs": 528
  },