{"steps": [200, 400, 600, 800, 1000, 1200, 1400], "losses": [1.7990583181381226, 0.244717076420784, 0.11396078020334244, 0.008537069894373417, 0.001680381246842444, 0.0008755277958698571, 0.0005580704309977591], "accuracies": [{"step": 500, "accuracy": 0.994328922495274}, {"step": 1000, "accuracy": 1.0}, {"step": 1500, "accuracy": 1.0}]}