{"steps": [200, 400, 600, 800, 1000, 1200, 1400, 1600, 1800, 2000], "losses": [2.1305770874023438, 0.9232984781265259, 0.46464717388153076, 0.2674744427204132, 0.18077431619167328, 0.13878925144672394, 0.0753995031118393, 0.31451189517974854, 0.0783221423625946, 0.046140965074300766], "accuracies": [{"step": 500, "accuracy": 0.7599243856332704}, {"step": 1000, "accuracy": 0.994328922495274}, {"step": 1500, "accuracy": 0.9754253308128544}, {"step": 2000, "accuracy": 1.0}]}