{"steps": [200, 400, 600, 800, 1000, 1200, 1400, 1600, 1800, 2000], "losses": [1.4061148166656494, 0.6089209914207458, 0.09293413907289505, 0.21883200109004974, 0.03785593435168266, 0.012128820642828941, 0.019459284842014313, 0.020071599632501602, 0.04276236519217491, 0.006034465041011572], "accuracies": [{"step": 500, "accuracy": 0.9603024574669187}, {"step": 1000, "accuracy": 0.9924385633270322}, {"step": 1500, "accuracy": 0.9735349716446124}, {"step": 2000, "accuracy": 1.0}]}