{"steps": [200, 400, 600, 800, 1000, 1200, 1400], "losses": [0.9374415874481201, 0.008790966123342514, 0.0028520808555185795, 0.0015219328925013542, 0.0009682556847110391, 0.0006794333457946777, 0.0005034066853113472], "accuracies": [{"step": 500, "accuracy": 1.0}, {"step": 1000, "accuracy": 1.0}, {"step": 1500, "accuracy": 1.0}]}