{"steps": [200, 400, 600, 800, 1000, 1200, 1400], "losses": [1.296928882598877, 0.14833055436611176, 0.08617256581783295, 0.04541937634348869, 0.021233346313238144, 0.007398126181215048, 0.011361810378730297], "accuracies": [{"step": 500, "accuracy": 0.9924385633270322}, {"step": 1000, "accuracy": 0.994328922495274}, {"step": 1500, "accuracy": 0.9886578449905482}]}