{
  "config": {
    "site": "layer3_result_0",
    "layer": 3,
    "pos": 12,
    "k": 10,
    "A": "baseline_seed0",
    "B": "baseline_seed1",
    "n_eval": 5000,
    "baseline": {
      "acc": 0.996,
      "margin": 11.420590462239584
    }
  },
  "schemes": {
    "procrustes": {
      "shared": {
        "acc": 0.9996,
        "margin": 11.579358430989583,
        "d_acc": -0.0036000000000000476,
        "d_margin": -0.15876796874999854
      },
      "complement": {
        "acc": 0.9996,
        "margin": 11.608399674479166,
        "d_acc": -0.0036000000000000476,
        "d_margin": -0.18780921223958202
      },
      "random": {
        "acc": 0.9958,
        "margin": 11.42117900390625,
        "d_acc": 0.00019999999999997797,
        "d_margin": -0.0005885416666657761
      },
      "full_swap": {
        "acc": 0.9996,
        "margin": 11.754774544270834,
        "d_acc": -0.0036000000000000476,
        "d_margin": -0.33418408203124983
      }
    },
    "mean_only": {
      "shared": {
        "acc": 0.9882,
        "margin": 10.864077994791666,
        "d_acc": 0.007800000000000029,
        "d_margin": 0.5565124674479183
      },
      "complement": {
        "acc": 0.1946,
        "margin": 9.289695670572916,
        "d_acc": 0.8014,
        "d_margin": 2.130894791666668
      },
      "random": {
        "acc": 0.9962,
        "margin": 11.248023697916667,
        "d_acc": -0.00019999999999997797,
        "d_margin": 0.17256676432291762
      },
      "full_swap": {
        "acc": 0.0046,
        "margin": 9.000675960286458,
        "d_acc": 0.9914,
        "d_margin": 2.4199145019531265
      }
    },
    "random_orth_same": {
      "shared": {
        "acc": 0.9904,
        "margin": 10.97957548828125,
        "d_acc": 0.005600000000000049,
        "d_margin": 0.44101497395833356
      },
      "complement": {
        "acc": 0.9884,
        "margin": 11.05861953125,
        "d_acc": 0.007600000000000051,
        "d_margin": 0.36197093098958355
      },
      "random": {
        "acc": 0.9906,
        "margin": 11.031559212239584,
        "d_acc": 0.00539999999999996,
        "d_margin": 0.3890312500000004
      },
      "full_swap": {
        "acc": 0.0046,
        "margin": 9.000675960286458,
        "d_acc": 0.9914,
        "d_margin": 2.4199145019531265
      }
    },
    "random_orth_diff": {
      "shared": {
        "acc": 0.9844,
        "margin": 11.064046028645834,
        "d_acc": 0.011599999999999944,
        "d_margin": 0.35654443359375065
      },
      "complement": {
        "acc": 0.9898,
        "margin": 11.111275716145833,
        "d_acc": 0.006199999999999983,
        "d_margin": 0.30931474609375087
      },
      "random": {
        "acc": 0.9926,
        "margin": 10.94382431640625,
        "d_acc": 0.0033999999999999586,
        "d_margin": 0.4767661458333343
      },
      "full_swap": {
        "acc": 0.0002,
        "margin": 8.960491243489583,
        "d_acc": 0.9958,
        "d_margin": 2.460099218750001
      }
    }
  }
}