{
  "config": {
    "site": "layer3_result_0",
    "layer": 3,
    "pos": 12,
    "k": 10,
    "n_eval": 5000
  },
  "models": {
    "baseline_seed0": {
      "baseline": {
        "acc": 0.996,
        "margin": 11.420590462239584
      },
      "shared_ablate": {
        "acc": 0.9626,
        "margin": 11.003715625,
        "d_acc": 0.033399999999999985,
        "d_margin": 0.4168748372395843
      },
      "complement_ablate": {
        "acc": 0.7274,
        "margin": 10.094036279296875,
        "d_acc": 0.26859999999999995,
        "d_margin": 1.3265541829427097
      },
      "joint_ablate": {
        "acc": 0.0952,
        "margin": 8.597643733723958,
        "d_acc": 0.9008,
        "d_margin": 2.8229467285156264
      },
      "shared_swap": {
        "acc": 0.9996,
        "margin": 11.579358430989583,
        "d_acc": -0.0036000000000000476,
        "d_margin": -0.15876796874999854
      },
      "complement_swap": {
        "acc": 0.9996,
        "margin": 11.608399674479166,
        "d_acc": -0.0036000000000000476,
        "d_margin": -0.18780921223958202
      },
      "self_input_shuffle": {
        "acc": 0.1004,
        "margin": 7.334075325520834,
        "d_acc": 0.8956,
        "d_margin": 4.08651513671875
      },
      "zero_out": {
        "acc": 0.0972,
        "margin": 9.658473307291667,
        "d_acc": 0.8988,
        "d_margin": 1.7621171549479175
      }
    }
  }
}