{
  "R5 (pos 12)": {
    "shared": 0.9488888888888889,
    "comp": 0.758888888888889,
    "full": 1.0
  },
  "R4 (pos 13)": {
    "shared": 0.14555555555555555,
    "comp": 1.0,
    "full": 1.0
  },
  "R3 (pos 14)": {
    "shared": 0.2972222222222222,
    "comp": 0.11499999999999999,
    "full": 0.5211111111111112
  },
  "R2 (pos 15)": {
    "shared": 0.16666666666666666,
    "comp": 0.0961111111111111,
    "full": 0.2822222222222222
  },
  "R1 (pos 16)": {
    "shared": 0.09666666666666668,
    "comp": 0.0938888888888889,
    "full": 0.13333333333333333
  },
  "R0 (pos 17)": {
    "shared": 0.09666666666666668,
    "comp": 0.10055555555555555,
    "full": 0.125
  },
  "A[0] (pos 0)": {
    "shared": 0.35833333333333334,
    "comp": 0.12944444444444445,
    "full": 0.5827777777777777
  },
  "A[1] (pos 1)": {
    "shared": 0.16555555555555557,
    "comp": 0.0911111111111111,
    "full": 0.2505555555555556
  },
  "A[2] (pos 2)": {
    "shared": 0.10666666666666667,
    "comp": 0.085,
    "full": 0.1988888888888889
  },
  "A[3] (pos 3)": {
    "shared": 0.11277777777777777,
    "comp": 0.0961111111111111,
    "full": 0.1822222222222222
  },
  "A[4] (pos 4)": {
    "shared": 0.11,
    "comp": 0.10111111111111111,
    "full": 0.2111111111111111
  },
  "B[0] (pos 6)": {
    "shared": 0.31777777777777777,
    "comp": 0.09222222222222222,
    "full": 0.5105555555555555
  },
  "B[1] (pos 7)": {
    "shared": 0.17166666666666666,
    "comp": 0.10222222222222221,
    "full": 0.23277777777777778
  },
  "B[2] (pos 8)": {
    "shared": 0.10833333333333332,
    "comp": 0.10166666666666667,
    "full": 0.14055555555555557
  },
  "B[3] (pos 9)": {
    "shared": 0.10111111111111111,
    "comp": 0.09722222222222222,
    "full": 0.10333333333333335
  },
  "B[4] (pos 10)": {
    "shared": 0.09166666666666667,
    "comp": 0.10611111111111111,
    "full": 0.14333333333333334
  },
  "carry_col_0": {
    "shared": 0.5644444444444444,
    "comp": 0.5405555555555556,
    "full": 0.7022222222222222
  },
  "carry_col_1": {
    "shared": 0.5438888888888889,
    "comp": 0.5105555555555555,
    "full": 0.668888888888889
  },
  "carry_col_2": {
    "shared": 0.6166666666666667,
    "comp": 0.48388888888888887,
    "full": 0.8372222222222222
  },
  "carry_col_3": {
    "shared": 0.9688888888888889,
    "comp": 0.5194444444444445,
    "full": 0.9988888888888888
  },
  "carry_col_4": {
    "shared": 0.9488888888888889,
    "comp": 0.758888888888889,
    "full": 1.0
  }
}