{
  "per_model": {
    "baseline_seed0": {
      "shared_frac_in_nullspace": 0.7758799770629561,
      "complement_frac_in_nullspace": 0.2864399147685661,
      "bottom_frac_in_nullspace": 0.8926926919638084,
      "shared_vs_rowspace_cos_top3": [
        0.8635582227427925,
        0.8187152521116103,
        0.5874828138094976
      ],
      "complement_vs_rowspace_cos_top3": [
        0.9913638924640689,
        0.9826107117541139,
        0.9720781071414114
      ]
    },
    "baseline_seed1": {
      "shared_frac_in_nullspace": 0.7803271856830396,
      "complement_frac_in_nullspace": 0.3205972471562414,
      "bottom_frac_in_nullspace": 0.9343661810834372,
      "shared_vs_rowspace_cos_top3": [
        0.8719458062075062,
        0.8015908984335304,
        0.6207712747683863
      ],
      "complement_vs_rowspace_cos_top3": [
        0.9950765233445571,
        0.9815100938262533,
        0.9795698167079695
      ]
    },
    "baseline_seed2": {
      "shared_frac_in_nullspace": 0.7667342730443579,
      "complement_frac_in_nullspace": 0.30777323186461003,
      "bottom_frac_in_nullspace": 0.891764260485272,
      "shared_vs_rowspace_cos_top3": [
        0.8811973779981462,
        0.7760186545879637,
        0.536279191824006
      ],
      "complement_vs_rowspace_cos_top3": [
        0.9886789430662548,
        0.9848961587388441,
        0.9765084382768064
      ]
    },
    "freeze_embed_seed0": {
      "shared_frac_in_nullspace": 0.7600282759681745,
      "complement_frac_in_nullspace": 0.3345486758145586,
      "bottom_frac_in_nullspace": 0.9065592351853863,
      "shared_vs_rowspace_cos_top3": [
        0.8520360238969196,
        0.8118971917977146,
        0.5944132808687228
      ],
      "complement_vs_rowspace_cos_top3": [
        0.975388210865295,
        0.9474301849606336,
        0.9408496793773022
      ]
    },
    "freeze_embed_seed1": {
      "shared_frac_in_nullspace": 0.7749788938296158,
      "complement_frac_in_nullspace": 0.2889201820683891,
      "bottom_frac_in_nullspace": 0.9083564731482496,
      "shared_vs_rowspace_cos_top3": [
        0.8921899367880615,
        0.8089215471046942,
        0.5254191657204187
      ],
      "complement_vs_rowspace_cos_top3": [
        0.9937674058109803,
        0.985028566511449,
        0.9660158964716249
      ]
    },
    "freeze_embed_seed2": {
      "shared_frac_in_nullspace": 0.7749421541313016,
      "complement_frac_in_nullspace": 0.29588705647311553,
      "bottom_frac_in_nullspace": 0.9360255090764417,
      "shared_vs_rowspace_cos_top3": [
        0.8730453217045745,
        0.7634346919691262,
        0.5946116740533081
      ],
      "complement_vs_rowspace_cos_top3": [
        0.989466376677508,
        0.9726379308222916,
        0.9626155175509518
      ]
    },
    "freeze_layer0.attn_seed0": {
      "shared_frac_in_nullspace": 0.756889480825527,
      "complement_frac_in_nullspace": 0.429435682996571,
      "bottom_frac_in_nullspace": 0.874747875359458,
      "shared_vs_rowspace_cos_top3": [
        0.8816641655020766,
        0.8150314497885489,
        0.6001836213851718
      ],
      "complement_vs_rowspace_cos_top3": [
        0.9739363870917207,
        0.961966359687589,
        0.9192180684219874
      ]
    },
    "freeze_layer0.attn_seed1": {
      "shared_frac_in_nullspace": 0.7634852150432617,
      "complement_frac_in_nullspace": 0.32283301657950414,
      "bottom_frac_in_nullspace": 0.9140226213433806,
      "shared_vs_rowspace_cos_top3": [
        0.8789316755986616,
        0.7696559496986848,
        0.6183526152033776
      ],
      "complement_vs_rowspace_cos_top3": [
        0.983558047655766,
        0.9709496406978717,
        0.959853744374689
      ]
    },
    "freeze_layer0.attn_seed2": {
      "shared_frac_in_nullspace": 0.7511132837392777,
      "complement_frac_in_nullspace": 0.3352390344800408,
      "bottom_frac_in_nullspace": 0.9290477917258838,
      "shared_vs_rowspace_cos_top3": [
        0.8651434657256594,
        0.7986248156957878,
        0.7062826065429597
      ],
      "complement_vs_rowspace_cos_top3": [
        0.9860967429459043,
        0.9812636475431731,
        0.9583127735865826
      ]
    },
    "freeze_layer0.mlp_seed0": {
      "shared_frac_in_nullspace": 0.7836698974694649,
      "complement_frac_in_nullspace": 0.33055561286414237,
      "bottom_frac_in_nullspace": 0.8864525000349511,
      "shared_vs_rowspace_cos_top3": [
        0.9017997189926442,
        0.748857042016266,
        0.5421440829354521
      ],
      "complement_vs_rowspace_cos_top3": [
        0.9830568164806326,
        0.9708345046371807,
        0.952886069614431
      ]
    },
    "freeze_layer0.mlp_seed1": {
      "shared_frac_in_nullspace": 0.7573254695839121,
      "complement_frac_in_nullspace": 0.31539081000691227,
      "bottom_frac_in_nullspace": 0.9275755672858778,
      "shared_vs_rowspace_cos_top3": [
        0.8751495242166105,
        0.7697346774438771,
        0.6156149484226162
      ],
      "complement_vs_rowspace_cos_top3": [
        0.9904567526700856,
        0.980139004431856,
        0.975264179774739
      ]
    },
    "freeze_layer0.mlp_seed2": {
      "shared_frac_in_nullspace": 0.786409089960133,
      "complement_frac_in_nullspace": 0.30945764877861615,
      "bottom_frac_in_nullspace": 0.9299195740262954,
      "shared_vs_rowspace_cos_top3": [
        0.8644822132147674,
        0.7675655628941037,
        0.5596160666563305
      ],
      "complement_vs_rowspace_cos_top3": [
        0.990330925238507,
        0.9823482269015014,
        0.9717424738437616
      ]
    },
    "freeze_layer1.attn_seed0": {
      "shared_frac_in_nullspace": 0.7729652403087841,
      "complement_frac_in_nullspace": 0.27808972081427163,
      "bottom_frac_in_nullspace": 0.9380048902817708,
      "shared_vs_rowspace_cos_top3": [
        0.8772292209042336,
        0.7615951165084255,
        0.5666373508241522
      ],
      "complement_vs_rowspace_cos_top3": [
        0.9920515867891021,
        0.9791213573248208,
        0.9693017433241822
      ]
    },
    "freeze_layer1.attn_seed1": {
      "shared_frac_in_nullspace": 0.795881512152406,
      "complement_frac_in_nullspace": 0.2788469996968368,
      "bottom_frac_in_nullspace": 0.8918474383961023,
      "shared_vs_rowspace_cos_top3": [
        0.894455532569836,
        0.7241648335534985,
        0.5444020439226112
      ],
      "complement_vs_rowspace_cos_top3": [
        0.9926321531427539,
        0.9885149793406655,
        0.9843398467898883
      ]
    },
    "freeze_layer1.attn_seed2": {
      "shared_frac_in_nullspace": 0.7760983528022402,
      "complement_frac_in_nullspace": 0.3112080223282434,
      "bottom_frac_in_nullspace": 0.9365997752492178,
      "shared_vs_rowspace_cos_top3": [
        0.8611505223732144,
        0.7603585415371908,
        0.5441117775483292
      ],
      "complement_vs_rowspace_cos_top3": [
        0.9927777877207492,
        0.9831741422721335,
        0.9750648103379694
      ]
    },
    "freeze_layer1.mlp_seed0": {
      "shared_frac_in_nullspace": 0.7608365902417089,
      "complement_frac_in_nullspace": 0.3435355310329029,
      "bottom_frac_in_nullspace": 0.9102727991047861,
      "shared_vs_rowspace_cos_top3": [
        0.8704557291578231,
        0.8029481661311545,
        0.5271897550166642
      ],
      "complement_vs_rowspace_cos_top3": [
        0.9901886622020132,
        0.9635489704126251,
        0.9508882519652135
      ]
    },
    "freeze_layer1.mlp_seed1": {
      "shared_frac_in_nullspace": 0.761904943611959,
      "complement_frac_in_nullspace": 0.3362573099676457,
      "bottom_frac_in_nullspace": 0.9447568584609701,
      "shared_vs_rowspace_cos_top3": [
        0.8358795095770307,
        0.7899205962100095,
        0.606164489555086
      ],
      "complement_vs_rowspace_cos_top3": [
        0.9845981415508679,
        0.9749253244187793,
        0.9667032297431162
      ]
    },