{
  "seed": 1,
  "frozen_component": "embed",
  "converged": true,
  "converge_step": 3000,
  "final_accuracy": 0.9584120982986768,
  "best_accuracy": 0.998109640831758,
  "total_steps": 4000,
  "total_time_seconds": 28.155540227890015,
  "p": 23
}