{
  "config": {
    "n_seeds": 20,
    "eval_every": 200,
    "conditions": {
      "A": {
        "alpha": 0.1
      },
      "C2": {
        "alpha": 0.001
      },
      "D": {
        "alpha": 0.1
      },
      "D_prime": {
        "alpha": 0.001
      }
    }
  },
  "summaries": {
    "A": {
      "converge_steps": [
        2600,
        2600,
        4400,
        2400,
        4000,
        3800,
        3000,
        1800,
        2800,
        6600,
        4400,
        2000,
        3800,
        7200,
        3200,
        2800,
        6800,
        3800,
        3200,
        3600
      ],
      "n_converged": 20,
      "n_total": 20,
      "mean": 3740.0,
      "std": 1492.7826365549674,
      "median": 3400.0
    },
    "C2": {
      "converge_steps": [
        4800,
        4200,
        5400,
        2800,
        3800,
        3600,
        2600,
        2200,
        4800,
        3600,
        6000,
        2000,
        3200,
        5400,
        3200,
        3200,
        8600,
        7600,
        2600,
        3800
      ],
      "n_converged": 20,
      "n_total": 20,
      "mean": 4170.0,
      "std": 1698.558212131689,
      "median": 3700.0
    },
    "D": {
      "converge_steps": [
        4000,
        4600,
        3400,
        2400,
        3600,
        3600,
        2200,
        3200,
        4400,
        12400,
        3400,
        2200,
        3400,
        3000,
        2400,
        4400,
        6000,
        5800,
        2800,
        5000
      ],
      "n_converged": 20,
      "n_total": 20,
      "mean": 4110.0,
      "std": 2183.0941344797757,
      "median": 3500.0
    },
    "D_prime": {
      "converge_steps": [
        4000,
        4200,
        3800,
        3000,
        4600,
        3600,
        2800,
        5200,
        3400,
        4200,
        5800,
        5400,
        6200,
        6000,
        3000,
        3800,
        6200,
        6000,
        5000,
        2800
      ],
      "n_converged": 20,
      "n_total": 20,
      "mean": 4450.0,
      "std": 1165.9759860305871,
      "median": 4200.0
    }
  }
}