{
  "site": "layer1_result_0",
  "shared_eigenvalues": [
    0.8996478985755878,
    0.8394031342338042,
    0.7822550285610962,
    0.6985200011177519,
    0.6689776599721359,
    0.6278895210410753,
    0.6157988118649728,
    0.5831247062435226,
    0.5270261231485827,
    0.4926952626028549
  ],
  "pca_cosines": [
    0.30987894309021236,
    0.28900627105035526,
    0.09583696152803872,
    0.01644806867601687,
    0.19263455326651832,
    0.08366717356454947,
    0.07640800811947777,
    0.15910710501994918,
    0.11202133922428772,
    0.024604740696352514
  ],
  "dim_scores_top10": [
    [
      41,
      8.339905738830566
    ],
    [
      1,
      8.296834945678711
    ],
    [
      48,
      8.266944885253906
    ],
    [
      51,
      8.109747886657715
    ],
    [
      56,
      7.367310047149658
    ],
    [
      43,
      7.019083499908447
    ],
    [
      34,
      6.189280986785889
    ],
    [
      35,
      6.153627872467041
    ],
    [
      16,
      6.151088714599609
    ],
    [
      42,
      6.027498245239258
    ]
  ],
  "natural_validation": {
    "total_variance_natural": 19292.025390625,
    "explained_ratios": [
      {
        "k": 1,
        "ratio": 0.03747390809663132
      },
      {
        "k": 3,
        "ratio": 0.07400717764250059
      },
      {
        "k": 5,
        "ratio": 0.0834738539975179
      },
      {
        "k": 10,
        "ratio": 0.09657571462131886
      }
    ]
  },
  "reference_invariance": {
    "reference2": "baseline_seed1",
    "shared_eigenvalues_ref2": [
      0.8975061721567299,
      0.8414235560601945,
      0.7861203837389582,
      0.6948909279274751,
      0.6588172215748717,
      0.6415214378626543,
      0.5986207642680547,
      0.5802123839637977,
      0.5262670385771391,
      0.5026663548528951
    ],
    "pca_cosines_ref2": [
      0.32973715345454097,
      0.29873654058803434,
      0.11974975717391845,
      0.14862918965987654,
      0.08375814566291712,
      0.03980508899881359,
      0.27598333726652924,
      0.1795675314664018,
      0.1258226861411895,
      0.015937024080988252
    ],
    "cross_reference_cosines": [
      0.2732280481049153,
      0.02779987437932077,
      0.03895001817566113,
      0.13496427703677363,
      0.08739150490390199
    ]
  }
}