{"steps": [200, 400, 600, 800, 1000, 1200, 1400], "losses": [0.8328192234039307, 0.007929211482405663, 0.00248542707413435, 0.0012952754041180015, 0.0008182117016986012, 0.0005678230081684887, 0.00042014187783934176], "accuracies": [{"step": 500, "accuracy": 1.0}, {"step": 1000, "accuracy": 1.0}, {"step": 1500, "accuracy": 1.0}]}