{"steps": [200, 400, 600, 800, 1000, 1200, 1400], "losses": [1.4206442832946777, 0.24843411147594452, 0.048562515527009964, 0.002820049412548542, 0.0012687694979831576, 0.0007620983524248004, 0.000517112435773015], "accuracies": [{"step": 500, "accuracy": 1.0}, {"step": 1000, "accuracy": 1.0}, {"step": 1500, "accuracy": 1.0}]}